{
  "cases": {
    "Bear": {
      "fv_ps": 20.540749414519905,
      "mos": -0.7945925058548009,
      "tv_share": 0.5149164165513279
    },
    "Base": {
      "fv_ps": 24.458635931490697,
      "mos": -0.755413640685093,
      "tv_share": 0.5499751993948212
    },
    "Bull": {
      "fv_ps": 30.528415655998057,
      "mos": -0.6947158434400194,
      "tv_share": 0.5885518267999272
    }
  },
  "implied_g": 0.08433540372670807,
  "market_ev": 12075000000.0,
  "net_debt": -125000000.0,
  "verdict": {
    "fv_a": 20.540749414519905,
    "fv_b": 10.834190717795192,
    "fv_avg": 15.687470066157548,
    "mos": -0.8431252993384245,
    "stressed_mos": -0.8504567392895361,
    "coherence": "CHECK: rating vs MoS"
  }
}